{"stage":2,"position":{"x":519.8599853515625,"y":18.889999389648439,"z":317.719970703125},"flagInfo":0,"deathCount":0,"playTime":76.84166717529297}