{"stage":3,"position":{"x":856.27099609375,"y":49.91699981689453,"z":1029.88916015625},"flagInfo":32,"deathCount":42,"playTime":6085.19091796875}