{"stage":3,"position":{"x":566.4000244140625,"y":30.847999572753908,"z":131.1999969482422},"flagInfo":112,"deathCount":0,"playTime":179.18826293945313}