{"stage":2,"position":{"x":343.5899963378906,"y":62.625,"z":1045.530029296875},"flagInfo":112,"deathCount":24,"playTime":867.2083129882813}