{"stage":2,"position":{"x":517.5377197265625,"y":21.833999633789064,"z":315.982177734375},"flagInfo":32,"deathCount":0,"playTime":0.0}