{"stage":4,"position":{"x":409.224365234375,"y":458.8162536621094,"z":492.48297119140627},"flagInfo":112,"deathCount":36,"playTime":16983.8828125}