{"stage":4,"position":{"x":-19.91998291015625,"y":0.0,"z":-87.23001098632813},"flagInfo":112,"deathCount":0,"playTime":179.18826293945313}