{"stage":3,"position":{"x":856.27099609375,"y":49.91699981689453,"z":1029.88916015625},"flagInfo":0,"deathCount":36,"playTime":5715.900390625}