{"stage":4,"position":{"x":-19.91998291015625,"y":0.0,"z":-87.23001098632813},"flagInfo":0,"deathCount":11,"playTime":438.7778015136719}