{"stage":2,"position":{"x":519.8599853515625,"y":18.889999389648439,"z":317.719970703125},"flagInfo":112,"deathCount":5,"playTime":12960.9931640625}