{"stage":2,"position":{"x":519.860107421875,"y":19.519756317138673,"z":317.7230224609375},"flagInfo":0,"deathCount":0,"playTime":3806.509765625}