{"stage":2,"position":{"x":343.5899963378906,"y":62.625,"z":1045.530029296875},"flagInfo":0,"deathCount":11,"playTime":438.7778015136719}