{"stage":3,"position":{"x":566.4000244140625,"y":30.57599639892578,"z":131.1999969482422},"flagInfo":112,"deathCount":72,"playTime":10185.8251953125}