{"stage":3,"position":{"x":566.4000244140625,"y":30.57599639892578,"z":131.1999969482422},"flagInfo":0,"deathCount":34,"playTime":5468.90234375}