{"stage":4,"position":{"x":-178.72320556640626,"y":1151.209716796875,"z":510.0694274902344},"flagInfo":64,"deathCount":1,"playTime":135.56980895996095}