{"stage":4,"position":{"x":409.224365234375,"y":459.2257385253906,"z":492.48297119140627},"flagInfo":0,"deathCount":0,"playTime":3626.311279296875}