{"cameraMode":{"drawMode":0,"name":"Shaded","section":"Shading Mode"},"sceneLighting":true,"audioPlay":false,"sceneViewState":{"m_AlwaysRefresh":false,"showFog":true,"showSkybox":true,"showFlares":true,"showImageEffects":true,"showParticleSystems":true,"showVisualEffectGraphs":true,"m_FxEnabled":true},"in2DMode":false,"pivot":{"x":11.358407020568848,"y":0.8216692209243774,"z":-5.5259809494018559},"rotation":{"x":0.16897572576999665,"y":0.7947998642921448,"z":-0.25662192702293398,"w":0.5233457088470459},"size":10.880739212036133,"orthographic":false}