{"cameraMode":{"drawMode":0,"name":"Shaded","section":"Shading Mode"},"sceneLighting":true,"audioPlay":false,"sceneViewState":{"m_AlwaysRefresh":false,"showFog":true,"showSkybox":true,"showFlares":true,"showImageEffects":true,"showParticleSystems":true,"showVisualEffectGraphs":true,"m_FxEnabled":true},"in2DMode":false,"pivot":{"x":51.557403564453128,"y":-16.773569107055665,"z":8.240179061889649},"rotation":{"x":0.18804998695850373,"y":0.6958339214324951,"z":-0.1968836933374405,"w":0.6647999882698059},"size":41.231056213378909,"orthographic":false}